﻿{"cameraMode":{"drawMode":0,"name":"Shaded","section":"Shading Mode"},"sceneLighting":true,"audioPlay":false,"sceneViewState":{"m_AlwaysRefresh":false,"showFog":true,"showSkybox":true,"showFlares":true,"showImageEffects":true,"showParticleSystems":true,"showVisualEffectGraphs":true,"m_FxEnabled":true},"in2DMode":false,"pivot":{"x":6.360372543334961,"y":10.258464813232422,"z":0.12213277816772461},"rotation":{"x":0.04608840122818947,"y":-0.06079994887113571,"z":-0.0028103122022002937,"w":-0.997085452079773},"size":7.62879753112793,"orthographic":false}